clone,tuber,weight,sva,caliper_length,caliper_width,replicate
1,6,8.44,4,107.9627,62.9158,1
1,7,9.47,4,127.127,62.6999,1
1,8,5.92,4,106.9848,58.7756,1
1,9,7.14,4,104.3559,60.1345,1
1,10,8.83,4,140.4366,61.0235,1
2,6,7.89,5,129.6924,59.055,1
2,7,6.14,5,112.5474,56.9595,1
2,8,5.81,5,106.9213,51.0794,1
2,9,6.9,5,128.27,56.0451,1
2,10,6.66,5,120.5103,60.5028,1
3,6,5.89,4,84.1375,61.3156,1
3,7,7.77,4,98.2345,64.2874,1
3,8,5.87,4,88.8619,62.0141,1
3,9,7.22,4,90.5383,66.929,1
3,10,6,4,72.9361,71.6788,1
4,6,4.76,5,88.7349,53.9496,1
4,7,3.81,5,79.4512,48.7172,1
4,8,7.33,5,99.3648,68.9229,1
4,9,6.93,5,102.9462,61.9125,1
4,10,5.25,5,110.9091,50.1142,1
5,6,7.41,5,123.1138,59.817,1
5,7,7.35,5,117.729,61.3029,1
5,8,6.12,5,108.2548,57.3659,1
5,9,9.24,5,123.0249,62.7634,1
5,10,6.61,5,97.7011,65.7479,1
6,6,4.69,3,85.4202,55.7911,1
6,7,4.58,3,88.6714,50.3809,1
6,8,4.83,3,83.6168,54.8513,1
6,9,4.15,3,77.2414,52.9463,1
6,10,4.44,3,82.8548,50.2158,1
7,6,6.78,3,77.3049,66.8655,1
7,7,6.7,3,78.7654,66.7131,1
7,8,7.17,3,88.0745,67.183,1
7,9,6.72,3,81.2546,67.0941,1
7,10,6.58,3,80.3148,68.326,1
8,6,6.09,5,107.3912,50.3301,1
8,7,6.33,5,105.7402,58.42,1
8,8,11.92,5,166.4843,66.4591,1
8,9,11.48,5,163.6268,57.9501,1
8,10,6.03,5,105.7529,55.5244,1
9,6,6.66,5,111.7346,54.7243,1
9,7,5.99,5,107.5182,53.6702,1
9,8,6.98,5,110.0455,58.9661,1
9,9,7.68,5,121.5263,60.9854,1
9,10,6.65,5,129.3241,52.9844,1
10,6,6.31,4,118.5418,47.1678,1
10,7,7.44,4,125.2855,51.0413,1
10,8,6.98,4,119.0625,54.5338,1
10,9,7.06,4,124.4092,49.8856,1
10,10,7.57,4,136.6139,47.3075,1
11,6,7.51,5,115.3541,54.9656,1
11,7,6.47,5,114.9858,52.0827,1
11,8,7.91,5,131.4704,56.8198,1
11,9,6.62,5,121.3866,58.039,1
11,10,7.67,5,117.7798,55.7022,1
12,6,3.65,3,70.3961,53.975,1
12,7,4.71,3,76.3143,57.3659,1
12,8,4.35,3,76.4794,54.61,1
12,9,3.67,3,70.3453,52.578,1
12,10,5.9,3,112.5855,53.6829,1
13,6,5.12,4,90.3859,53.467,1
13,7,5.8,4,88.8111,57.9755,1
13,8,6.26,4,98.2218,56.8706,1
13,9,6.54,4,87.9221,62.9539,1
13,10,6.3,4,96.2279,57.3913,1
14,6,5.08,4,97.2185,52.8193,1
14,7,5.16,4,108.3437,49.2252,1
14,8,4.83,4,90.805,53.5813,1
14,9,4.55,4,93.2561,51.1048,1
14,10,4.44,4,91.4146,48.4505,1
15,6,8.29,5,116.7638,63.8556,1
15,7,6.44,5,105.7021,54.6862,1
15,8,7.67,5,111.3663,62.9666,1
15,9,7.17,5,104.6734,65.8622,1
15,10,8.14,5,122.047,57.1754,1
16,6,8.17,5,118.7069,59.7408,1
16,7,9.04,5,103.3653,67.9069,1
16,8,6.52,5,106.4133,55.8927,1
16,9,8.17,5,116.8019,67.6148,1
16,10,5.69,5,98.425,57.15,1
17,6,6.75,4,107.9627,56.4769,1
17,7,7.37,4,92.1258,61.4807,1
17,8,6.22,4,92.3417,58.0517,1
17,9,6.1,4,86.8426,62.7507,1
17,10,6.63,4,87.8586,64.5541,1
18,6,6.62,4,90.7415,60.9727,1
18,7,6.48,4,99.2251,58.2295,1
18,8,9.06,4,105.4354,70.3326,1
18,9,6.55,4,92.6973,59.1439,1
18,10,5.97,4,88.9,58.7756,1
19,6,3.56,2,60.2361,57.9628,1
19,7,3.54,2,63.9826,52.9844,1
19,8,3.41,2,57.912,55.4355,1
19,9,4.3,2,69.723,60.7314,1
19,10,3.35,2,62.0014,52.07,1
20,6,4.5,5,95.4532,50.6857,1
20,7,4.76,5,98.806,55.1815,1
20,8,4.45,5,105.5878,50.0126,1
20,9,4.56,5,110.5281,49.2379,1
20,10,5.19,5,102.1461,53.8988,1
21,6,6.35,5,92.7989,62.484,1
21,7,7.73,5,97.7646,62.9539,1
21,8,6.3,5,88.2396,62.9158,1
21,9,7.14,5,113.8555,56.9849,1
21,10,7.1,5,89.2429,63.1825,1
22,6,1.82,4,49.4284,44.1706,1
22,7,2.27,4,75.2348,39.9542,1
22,8,1.75,4,58.3438,37.9476,1
22,9,1.18,4,55.1561,31.4198,1
22,10,0.94,4,45.1739,32.8549,1
23,6,10.28,3,106.6546,72.8091,1
23,7,6.4,3,89.2937,61.214,1
23,8,8.53,3,94.8944,72.1106,1
23,9,8.82,3,98.7552,72.1106,1
23,10,7.07,3,82.8167,72.7329,1
24,6,4.18,3,64.516,57.15,1
24,7,4.24,3,67.7926,58.8899,1
24,8,4.22,3,76.4413,57.023,1
24,9,4.5,3,68.2117,58.8391,1
24,10,2.58,3,53.6702,48.0949,1
25,6,7.15,5,94.0689,66.4845,1
25,7,7.83,5,102.87,65.4431,1
25,8,8.11,5,95.3516,66.2051,1
25,9,7.65,5,98.1837,67.5386,1
25,10,6.39,5,90.5002,65.4939,1
26,6,6.23,5,113.03,55.499,1
26,7,6.51,5,113.7031,54.5846,1
26,8,6.06,5,112.4585,57.4421,1
26,9,6.98,5,120.269,57.1246,1
26,10,6.44,5,116.1415,58.6486,1
27,6,4.44,4,75.0189,54.4322,1
27,7,4.46,4,69.3039,55.9435,1
27,8,4.09,4,75.1332,52.3494,1
27,9,3.97,4,70.9549,55.2323,1
27,10,3.92,4,72.9742,54.4449,1
28,6,7,5,103.8987,61.4299,1
28,7,7.07,5,106.3752,60.8838,1
28,8,5.97,5,102.5144,49.4157,1
28,9,6.94,5,116.9416,58.5851,1
28,10,7.81,5,107.6452,59.5757,1
29,6,8.36,4,95.0595,65.532,1
29,7,9.68,4,106.8832,63.0301,1
29,8,8.27,4,87.9094,71.5518,1
29,9,8.45,4,101.0412,64.5414,1
29,10,9.74,4,103.3272,66.9925,1
30,6,8.46,5,113.5253,62.2681,1
30,7,8.4,5,125.4633,60.0075,1
30,8,9.7,5,138.9253,61.4299,1
30,9,8.46,5,108.8136,69.9516,1
30,10,9.42,5,117.5385,67.8307,1
31,6,6.33,4,87.122,64.8716,1
31,7,6.16,4,83.8454,64.2747,1
31,8,6.65,4,91.9861,62.2046,1
31,9,5.91,4,98.044,56.642,1
31,10,6.03,4,95.8596,59.4868,1
32,6,7.22,4,100.8761,59.7154,1
32,7,7.75,4,99.9744,60.9727,1
32,8,5.93,4,94.9325,62.4205,1
32,9,7.31,4,98.2345,63.1063,1
32,10,5.86,4,105.283,57.6961,1
33,6,6.9,4,89.8779,63.3095,1
33,7,6.25,4,89.0651,62.0014,1
33,8,6.28,4,96.7232,62.0776,1
33,9,6.15,4,90.1446,61.722,1
33,10,5.9,4,83.8454,62.0649,1
34,6,6.88,4,88.7349,63.9318,1
34,7,6.72,4,77.9145,65.9892,1
34,8,6.46,4,78.5749,59.2455,1
34,9,6.29,4,94.4118,62.6237,1
34,10,5.92,4,94.8309,59.9186,1
35,6,7.03,5,117.2845,54.6354,1
35,7,7.11,5,98.2472,60.0202,1
35,8,7.77,5,106.6038,62.2173,1
35,9,8.88,5,110.7186,58.7121,1
35,10,8.4,5,101.2952,66.0273,1
36,6,9.89,5,101.0666,69.2785,1
36,7,7.06,5,97.8154,63.8429,1
36,8,6.31,5,100.4951,63.3857,1
36,9,7.44,5,101.1174,63.8302,1
36,10,7.45,5,114.0206,61.0743,1
37,6,5.64,5,138.8237,42.0243,1
37,7,7.95,5,159.0802,49.3776,1
37,8,4.71,5,116.8781,47.244,1
37,9,4.89,5,124.714,43.3832,1
37,10,6.48,5,131.8133,49.1871,1
38,6,7.2,4,101.6889,63.1698,1
38,7,6.51,4,97.79,67.9196,1
38,8,5.68,4,96.9772,62.2046,1
38,9,6.16,4,102.0445,66.8909,1
38,10,6.26,4,84.7852,61.0235,1
39,6,6.62,2,86.5251,68.0212,1
39,7,7.98,2,95.5929,70.6755,1
39,8,7.12,2,93.6498,74.8665,1
39,9,8.62,2,94.5515,74.4855,1
39,10,7.84,2,99.5045,74.2061,1
40,6,4.73,4,77.8129,58.2168,1
40,7,4.81,4,79.883,59.2074,1
40,8,5.53,4,84.5566,58.0644,1
40,9,4.61,4,77.3811,57.6072,1
40,10,4.53,4,81.3562,52.705,1
41,6,6.77,4,130.4163,56.4261,1
41,7,6.54,4,116.4971,60.3758,1
41,8,6.08,4,99.5045,60.0964,1
41,9,6.73,4,115.1636,59.0042,1
41,10,8.67,4,124.6505,65.2272,1
42,6,6.83,5,128.6891,48.8061,1
42,7,7.17,5,113.9952,56.2864,1
42,8,6.1,5,111.5695,56.2229,1
42,9,7.59,5,131.064,55.2958,1
42,10,6.98,5,129.7813,56.6166,1
43,6,8.17,5,123.6218,56.4896,1
43,7,8.03,5,117.4369,64.8208,1
43,8,6.73,5,103.1875,54.1147,1
43,9,7.22,5,106.5403,55.4482,1
43,10,6.14,5,133.7437,49.2379,1
44,6,2.4,5,77.1906,37.6174,1
44,7,2.61,5,87.7443,37.5793,1
44,8,2.07,5,73.7489,35.8775,1
44,9,2.45,5,80.6069,38.6588,1
44,10,2.23,5,78.9559,35.56,1
45,6,4.78,5,110.2868,45.4914,1
45,7,5.43,5,114.4524,46.9646,1
45,8,5.84,5,110.0201,50.4825,1
45,9,4.97,5,109.8042,47.5869,1
45,10,5.84,5,109.4359,47.0916,1
46,6,6.57,4,94.9452,63.5762,1
46,7,6.73,4,97.2947,65.0494,1
46,8,7.22,4,88.7603,71.2851,1
46,9,7.76,4,100.6348,67.5132,1
46,10,7.74,4,99.6315,59.5249,1
47,6,7.07,4,111.10976,56.90616,1
47,7,8.52,4,123.4948,60.1472,1
47,8,7.41,4,107.569,60.5536,1
47,9,9.26,4,100.838,71.4121,1
47,10,5.95,4,97.4725,61.0743,1
48,6,6.17,5,101.3333,57.6453,1
48,7,9.79,5,108.966,72.3011,1
48,8,6.03,5,93.5355,65.8495,1
48,9,6.7,5,116.0145,51.3461,1
48,10,6.73,5,95.3643,66.5988,1
49,6,6.76,4,112.8903,54.7116,1
49,7,7.75,4,101.1555,66.2178,1
49,8,6.67,4,93.599,59.2455,1
49,9,7.94,4,100.8253,62.5729,1
49,10,7.54,4,99.949,64.4017,1
50,6,2.19,3,60.9092,41.8211,1
50,7,2.56,3,73.0377,43.3578,1
50,8,2.23,3,68.5038,42.4815,1
50,9,2.88,3,73.4441,48.5902,1
50,10,3.49,3,89.5731,45.6311,1
51,6,9.21,4,100.7618,69.7357,1
51,7,6.65,4,96.8629,59.7662,1
51,8,7.77,4,94.1578,61.6077,1
51,9,8.24,4,100.9523,67.2846,1
51,10,8.58,4,98.044,67.0941,1
52,6,6.34,5,94.2848,57.7469,1
52,7,5.51,5,112.8649,53.5686,1
52,8,5.41,5,103.1113,52.1208,1
52,9,6.4,5,97.6122,59.2455,1
52,10,5.79,5,106.2355,52.0573,1
53,6,2.36,3,67.5259,46.1264,1
53,7,4.14,3,80.4418,53.8861,1
53,8,3.39,3,70.4723,52.8955,1
53,9,,3,,,1
53,10,,3,,,1
54,6,9.77,5,165.4048,58.5089,1
54,7,6.26,5,125.6284,52.2859,1
54,8,8.34,5,161.1757,51.0921,1
54,9,6.21,5,106.553,53.5686,1
54,10,7.76,5,121.8565,62.7253,1
55,6,5.68,5,110.617,55.1561,1
55,7,7.61,5,104.1019,63.5254,1
55,8,7.78,5,112.8903,57.7469,1
55,9,4.71,5,88.9127,54.4449,1
55,10,6.76,5,102.0191,60.9473,1
56,6,3.76,5,93.9927,47.4599,1
56,7,6.83,5,119.6848,55.8927,1
56,8,5.63,5,78.5368,60.4901,1
56,9,5.08,5,82.7786,57.1627,1
56,10,6.39,5,116.5606,57.658,1
57,6,5.98,3,94.2467,57.3278,1
57,7,4.67,3,80.4545,57.2008,1
57,8,6.27,3,76.3651,64.9732,1
57,9,6.15,3,85.0519,59.7154,1
57,10,6.24,3,94.488,58.1406,1
58,6,6.54,5,73.4441,58.1787,1
58,7,4.38,5,92.202,52.8447,1
58,8,4.87,5,95.3897,50.3174,1
58,9,4.65,5,95.9739,50.6857,1
58,10,5.49,5,79.5401,60.7314,1
59,6,7.16,4,102.2858,64.3382,1
59,7,6.85,4,105.5878,63.7794,1
59,8,7.19,4,102.9462,63.1063,1
59,9,5.79,4,92.0623,57.4421,1
59,10,6,4,100.1522,58.928,1
60,6,6.09,3,92.3163,61.5442,1
60,7,5.91,3,80.3275,63.7794,1
60,8,5.11,3,94.8563,57.0357,1
60,9,6.2,3,84.0105,62.738,1
60,10,6.2,3,92.4052,60.325,1
61,6,6.72,5,102.3747,56.6801,1
61,7,5.26,5,114.6302,51.1429,1
61,8,6.74,5,102.8954,56.6039,1
61,9,6.3,5,100.8253,56.1467,1
61,10,5.94,5,106.0323,56.388,1
62,6,4.11,5,102.3747,42.8371,1
62,7,4.44,5,113.7539,43.2181,1
62,8,4.45,5,111.2901,43.6753,1
62,9,4.42,5,109.7153,43.1292,1
62,10,4.46,5,111.1123,42.2529,1
63,6,6.97,3,82.7659,72.0344,1
63,7,5.11,3,83.185,60.5663,1
63,8,6.54,3,89.7763,62.992,1
63,9,5.42,3,80.4037,63.3476,1
63,10,5.23,3,72.5805,64.0588,1
64,6,6.63,5,117.1448,56.4007,1
64,7,7.9,5,105.7148,60.9346,1
64,8,6.44,5,99.6061,61.9252,1
64,9,9.05,5,117.4496,69.1388,1
64,10,6.1,5,111.7981,49.9745,1
65,6,6.77,5,108.3183,56.5023,1
65,7,6.4,5,92.9767,57.2262,1
65,8,7.15,5,94.1197,60.0837,1
65,9,6.4,5,94.2848,57.3278,1
65,10,7.2,5,99.9617,58.9661,1
66,6,7.85,4,106.2863,60.5028,1
66,7,11.85,4,120.1166,69.6468,1
66,8,8.72,4,89.9541,79.4258,1
66,9,3.47,4,94.107,42.0624,1
66,10,12.05,4,78.994,56.1086,1
67,6,7.73,5,96.4438,66.2686,1
67,7,7.08,5,89.9033,59.944,1
67,8,6.22,5,96.8248,59.8805,1
67,9,8.44,5,96.1644,69.2023,1
67,10,7.02,5,89.3953,66.1162,1
68,6,8.82,5,110.617,64.4271,1
68,7,8.7,5,113.8047,67.4497,1
68,8,6.5,5,110.7313,57.15,1
68,9,7.3,5,108.2675,58.3565,1
68,10,8.43,5,105.1814,64.0969,1
69,6,6.62,5,102.3874,65.8368,1
69,7,6.45,5,90.17,65.7225,1
69,8,6,5,85.5853,61.6839,1
69,9,6.17,5,108.6739,52.3113,1
69,10,6.87,5,89.0651,64.2493,1
70,6,7.12,5,117.0178,53.5559,1
70,7,6.21,5,112.7887,53.3146,1
70,8,6.66,5,108.2548,52.6161,1
70,9,6.82,5,107.7214,59.563,1
70,10,9.79,5,139.3825,58.3819,1
71,6,5.9,5,117.6655,52.9082,1
71,7,5.19,5,109.7534,49.022,1
71,8,6.07,5,86.0044,59.0677,1
71,9,5.54,5,97.8789,55.9943,1
71,10,5.89,5,113.0427,52.8447,1
72,6,6.76,5,104.013,57.8612,1
72,7,6.11,5,99.1362,58.8772,1
72,8,6.47,5,106.045,59.1439,1
72,9,5.23,5,101.9048,52.5018,1
72,10,6.26,5,92.964,61.6839,1
73,6,6.83,5,86.7156,64.5922,1
73,7,6.35,5,98.9457,60.0583,1
73,8,7.55,5,102.2858,65.7987,1
73,9,8.58,5,98.3361,68.5673,1
73,10,7.23,5,98.933,65.1002,1
74,6,7.15,4,94.0308,63.1825,1
74,7,9.07,4,111.6457,63.4492,1
74,8,8.27,4,92.3925,66.4083,1
74,9,7.87,4,101.092,64.5541,1
74,10,6.75,4,100.5967,61.9379,1
75,6,5.86,5,98.7171,53.6956,1
75,7,6.56,5,103.5685,62.0395,1
75,8,5.91,5,102.0191,55.6768,1
75,9,8.18,5,113.9952,63.2587,1
75,10,6.06,5,95.9104,56.9849,1
76,6,7.26,4,101.6,65.2653,1
76,7,8.24,4,102.1207,66.6623,1
76,8,7.4,4,93.7895,67.4878,1
76,9,9.16,4,103.2002,69.0499,1
76,10,8.9,4,110.744,71.1708,1
77,6,6.4,4,99.2251,55.8546,1
77,7,6.21,4,94.1959,56.3753,1
77,8,6.07,4,100.2157,58.6486,1
77,9,6.31,4,97.8789,59.4741,1
77,10,5.62,4,98.5266,54.8005,1
78,6,6.06,5,118.6053,55.5244,1
78,7,6.23,5,95.0341,59.309,1
78,8,6.24,5,98.8187,60.9092,1
78,9,6.02,5,104.394,55.8546,1
78,10,6.89,5,107.9627,60.7187,1
79,6,7.58,5,117.1829,62.357,1
79,7,6.55,5,115.83416,60.833,1
79,8,6.78,5,104.8639,61.5569,1
79,9,6.54,5,109.1311,58.42,1
79,10,7.08,5,104.9147,57.4167,1
80,6,3.72,2,68.9102,49.1363,1
80,7,3.57,2,65.8368,52.1462,1
80,8,3.56,2,63.6016,53.7845,1
80,9,3.22,2,67.9958,50.9143,1
80,10,3.18,2,65.2145,51.1175,1
81,6,6.5,5,89.5477,64.5541,1
81,7,9.95,5,104.7369,71.2343,1
81,8,6.68,5,107.0356,59.4106,1
81,9,7.92,5,107.9373,61.6839,1
81,10,7.35,5,95.8977,59.0677,1
82,6,6.3,4,99.2378,56.7944,1
82,7,5.99,4,94.6785,58.2041,1
82,8,6.97,4,90.6653,59.4741,1
82,9,7.72,4,88.1253,70.9295,1
82,10,6.17,4,96.8121,54.1147,1
83,6,7.52,4,87.0585,71.7423,1
83,7,6.09,4,99.9744,55.6006,1
83,8,3.52,4,76.3397,68.0847,1
83,9,6.86,4,94.0689,65.2526,1
83,10,3.52,4,69.1261,55.8673,1
84,6,7.1,3,95.9358,64.2239,1
84,7,7.69,3,100.4189,69.2785,1
84,8,7.62,3,96.9645,64.516,1
84,9,6.3,3,88.646,61.7982,1
84,10,6.35,3,89.8652,65.2145,1
85,6,4.99,3,72.9996,57.9755,1
85,7,4.77,3,80.8863,57.7342,1
85,8,4.44,3,73.3425,58.3438,1
85,9,3.93,3,72.2376,52.8701,1
85,10,4.19,3,74.9173,56.1721,1
86,6,5.97,4,101.5746,58.0644,1
86,7,6.4,4,98.9711,56.9214,1
86,8,6.64,4,85.6361,62.8523,1
86,9,7.22,4,95.28556,61.9887,1
86,10,6.59,4,88.2015,65.6463,1
87,6,5.43,,101.9048,57.8612,1
87,7,6.28,,111.8997,57.6199,1
87,8,4.81,,101.0539,52.451,1
87,9,7.89,,125.5776,65.8368,1
87,10,6.14,,95.8723,54.3052,1
88,6,6.65,5,116.332,55.1561,1
88,7,7.05,5,123.825,55.3847,1
88,8,6.61,5,121.8438,54.5846,1
88,9,10.09,5,142.24,64.1604,1
88,10,8.56,5,127.1905,60.0075,1
89,6,7.31,4,95.4278,63.3222,1
89,7,6.19,4,106.4006,53.4543,1
89,8,6.14,4,96.7994,58.1533,1
89,9,6.11,4,85.2551,62.4459,1
89,10,7.26,4,88.646,60.8203,1
90,6,8.49,5,119.634,66.1416,1
90,7,7.54,5,115.9637,56.9722,1
90,8,6.61,5,109.8296,58.6867,1
90,9,7.69,5,102.1842,61.1378,1
90,10,5.7,5,104.4956,54.4576,1
91,6,4.92,5,82.0166,54.0258,1
91,7,7.92,5,105.7148,62.7888,1
91,8,4.67,5,104.6353,49.6951,1
91,9,9.99,5,143.7259,63.2587,1
91,10,8.31,5,126.9111,54.7497,1
92,6,5.96,5,114.9985,52.6161,1
92,7,5.95,5,112.776,49.8983,1
92,8,6.01,5,108.5215,54.9783,1
92,9,5.9,5,109.1057,49.53,1
92,10,6.13,5,104.3559,55.5879,1
93,6,10.32,4,119.634,71.5518,1
93,7,10.93,4,123.5583,70.3834,1
93,8,7.54,4,92.7608,66.8655,1
93,9,7.42,4,97.282,63.1444,1
93,10,6.97,4,86.1949,65.8241,1
94,6,7.55,3,99.5426,61.214,1
94,7,7.32,3,85.0646,68.0847,1
94,8,6.46,3,94.7674,62.1538,1
94,9,6.19,3,84.7979,62.357,1
94,10,5.78,3,84.4296,63.1698,1
95,6,5.21,4,95.4659,52.6034,1
95,7,5.81,4,98.5901,50.7492,1
95,8,6.11,4,107.0737,50.3682,1
95,9,6.12,4,106.5911,53.2003,1
95,10,5.49,4,104.3051,51.4985,1
96,6,4.93,4,98.5647,56.8579,1
96,7,5.76,4,93.5228,56.0705,1
96,8,5.59,4,91.1733,58.42,1
96,9,5.47,4,90.5383,58.3438,1
96,10,5.8,4,93.9673,58.4962,1
97,6,5.97,4,80.7339,66.5734,1
97,7,5.39,4,78.7654,64.008,1
97,8,7.09,4,74.168,68.2371,1
97,9,7.94,4,113.2586,63.0301,1
97,10,6.55,4,80.0862,72.1614,1
98,6,7.37,5,99.0854,64.008,1
98,7,6.66,5,100.33,58.8645,1
98,8,7.84,5,111.7473,61.1759,1
98,9,6.72,5,107.8865,56.0451,1
98,10,5.89,5,90.1954,56.6039,1
99,6,4.89,5,104.8004,52.6161,1
99,7,7.4,5,108.3437,57.0992,1
99,8,7.93,5,143.9037,56.3118,1
99,9,6.53,5,114.0968,58.0898,1
99,10,6.37,5,111.4806,53.7083,1
100,6,6.45,5,125.6157,51.8541,1
100,7,5.69,5,112.6617,50.038,1
100,8,4.89,5,117.8814,42.8244,1
100,9,5.48,5,114.0079,45.0596,1
100,10,6.55,5,106.0069,55.4863,1
101,6,9,4,111.76,65.9384,1
101,7,7.84,4,110.6551,60.5155,1
101,8,10.21,4,113.284,71.9836,1
101,9,6.46,4,94.7547,61.1251,1
101,10,9.35,4,109.1565,74.3458,1
102,6,8.51,3,107.8738,64.3382,1
102,7,6.7,3,93.0275,69.723,1
102,8,12.58,3,113.9063,74.9046,1
102,9,8.69,3,92.3925,68.072,1
102,10,8.9,3,88.3158,70.9803,1
103,6,6.08,3,87.2871,63.8937,1
103,7,7.89,3,112.3315,69.6849,1
103,8,6.18,3,90.4748,61.468,1
103,9,5.2,3,106.8197,50.6349,1
103,10,5.29,3,84.074,61.341,1
104,6,4.41,4,86.4235,55.4355,1
104,7,4.27,4,79.6544,55.626,1
104,8,4.85,4,84.2899,59.2455,1
104,9,4.74,4,85.3948,55.7784,1
104,10,4.88,4,76.4159,63.2079,1
105,6,6.57,5,107.2769,60.9854,1
105,7,4.22,5,96.8502,48.641,1
105,8,4.71,5,113.0046,48.4505,1
105,9,4.34,5,101.3968,46.6725,1
105,10,4.37,5,104.4448,50.0126,1
106,6,3.6,5,111.5441,39.5732,1
106,7,3.96,5,94.4753,48.1076,1
106,8,2.91,5,97.5741,38.6588,1
106,9,4,5,107.5436,44.8945,1
106,10,3.53,5,104.9655,40.0558,1
107,6,6.45,4,95.1738,67.3862,1
107,7,6.14,4,91.7956,63.2841,1
107,8,5.87,4,90.8558,62.1792,1
107,9,6.13,4,94.5769,64.4652,1
107,10,6.61,4,81.3943,61.8363,1
108,6,6.83,5,111.76,55.3593,1
108,7,5.92,5,106.7943,55.7403,1
108,8,5.93,5,99.9363,55.1815,1
108,9,7.43,5,100.7745,67.6148,1
108,10,6.78,5,113.1062,58.039,1
109,6,6.83,5,116.4463,53.8353,1
109,7,7.2,5,111.1504,61.7347,1
109,8,6.41,5,101.2063,54.2544,1
109,9,5.98,5,109.2454,54.4195,1
109,10,7.21,5,111.125,62.1919,1
110,6,3.62,4,76.2889,50.7238,1
110,7,3.08,4,74.8157,44.3611,1
110,8,3.61,4,67.1576,52.6923,1
110,9,4.24,4,79.5274,53.4162,1
110,10,3.74,4,83.3247,48.1711,1
111,6,7.09,5,110.871,60.0964,1
111,7,7.35,5,115.0874,60.9854,1
111,8,6.87,5,104.7496,55.8292,1
111,9,7.27,5,120.6627,63.1317,1
111,10,7.42,5,131.2164,50.4317,1
112,6,9.37,5,99.4791,77.6351,1
112,7,7.56,5,96.2533,65.5828,1
112,8,6.8,5,105.0544,60.2488,1
112,9,6.27,5,93.2942,64.897,1
112,10,6.28,5,80.3656,64.1731,1
113,6,6.4,5,104.1273,58.2676,1
113,7,5.56,5,95.1738,56.7436,1
113,8,4.71,5,100.9142,52.7304,1
113,9,6.14,5,96.5835,62.6745,1
113,10,5.04,5,91.7956,54.5211,1
114,6,6.64,3,98.2726,62.3951,1
114,7,6.98,3,100.4062,62.7253,1
114,8,6.15,3,97.5741,57.912,1
114,9,4.31,3,82.5373,59.0423,1
114,10,4.39,3,79.3623,59.1185,1
115,6,5.84,5,104.4956,51.8668,1
115,7,6.11,5,88.2142,64.2747,1
115,8,6.28,5,99.9363,56.134,1
115,9,5.83,5,108.8009,50.2031,1
115,10,5.96,5,95.6056,54.9529,1
116,6,7.38,4,113.9317,63.627,1
116,7,5.19,4,96.8248,54.356,1
116,8,5.08,4,92.1131,59.7281,1
116,9,6.88,4,100.2792,60.4139,1
116,10,6.52,4,100.3173,59.6519,1
117,6,5.82,5,95.2246,56.4134,1
117,7,6.61,5,104.4702,53.9115,1
117,8,6.25,5,108.1278,56.7817,1
117,9,5.79,5,90.7034,58.1152,1
117,10,6.92,5,113.7412,61.2521,1
118,6,6.79,5,125.8443,42.545,1
118,7,6.8,5,121.5009,49.276,1
118,8,6.72,5,133.5659,48.1838,1
118,9,4.82,5,105.3211,43.7896,1
118,10,6.1,5,102.8319,50.1142,1
119,6,6.15,3,89.7001,62.5602,1
119,7,5.92,3,87.1474,60.1472,1
119,8,5.99,3,81.8134,64.6176,1
119,9,6.43,3,90.8939,61.214,1
119,10,6.67,3,89.3318,61.6585,1
120,6,6.7,5,116.5733,52.6161,1
120,7,6.35,5,111.4425,54.7751,1
120,8,6.03,5,124.9934,48.0314,1
120,9,7.03,5,114.4143,57.2389,1
120,10,6.71,5,117.6655,57.1754,1
121,6,7.64,5,117.983,62.6237,1
121,7,7.59,5,106.2101,62.5729,1
121,8,7.76,5,101.2952,66.2686,1
121,9,7.39,5,103.2637,66.8909,1
121,10,6.42,5,103.4161,61.4426,1
122,6,7.78,3,93.8784,71.3486,1
122,7,6.39,3,103.2256,58.1279,1
122,8,6.97,3,84.7217,66.5353,1
122,9,9.18,3,109.7788,73.5838,1
122,10,7.83,3,96.7994,68.7451,1
123,6,7.45,5,109.3343,55.1942,1
123,7,7.03,5,115.9129,59.1058,1
123,8,9.41,5,129.8194,69.2404,1
123,9,8.04,5,112.2045,61.6839,1
123,10,7.87,5,111.6457,59.1058,1
124,6,6.21,4,95.5675,60.706,1
124,7,5.76,4,89.1921,59.4233,1
124,8,6.1,4,94.0181,58.0771,1
124,9,5.45,4,87.2871,61.0108,1
124,10,6.43,4,95.123,61.4045,1
125,6,6.94,5,99.7585,67.1195,1
125,7,5.98,5,92.1766,60.5409,1
125,8,7.28,5,98.0948,62.9539,1
125,9,6.24,5,92.5957,62.6364,1
125,10,6.67,5,109.6645,58.7375,1
126,6,6.13,5,102.108,54.2925,1
126,7,6.07,5,101.1047,53.34,1
126,8,5.66,5,111.3155,56.4642,1
126,9,6.28,5,110.0074,57.7469,1
126,10,6,5,101.1047,57.9247,1
127,6,5.93,4,96.8248,58.166,1
127,7,5.41,4,92.2274,59.1947,1
127,8,4.49,4,83.8962,51.3334,1
127,9,5.92,4,96.4565,58.9153,1
127,10,5.06,4,84.4042,55.753,1
128,6,5.19,5,89.9795,59.8043,1
128,7,6.87,5,102.4763,54.9402,1
128,8,13.54,5,150.6982,67.6529,1
128,9,7.92,5,116.4209,58.7248,1
128,10,8.2,5,117.7544,61.214,1
129,6,6.78,3,109.7026,60.2742,1
129,7,7.2,3,109.9947,60.8457,1
129,8,7.46,3,104.3178,65.7606,1
129,9,6.01,3,83.4898,58.3438,1
129,10,7.04,3,77.4954,71.1962,1
130,6,4.98,5,102.5906,46.8884,1
130,7,4.04,5,101.8286,46.1518,1
130,8,3.98,5,97.1804,45.6311,1
130,9,4.93,5,97.917,49.9999,1
130,10,4.2,5,99.5045,41.6052,1
131,6,6.19,3,86.36,62.8142,1
131,7,6.47,3,99.0727,63.2587,1
131,8,6.38,3,83.9089,61.7728,1
131,9,6.08,3,91.5543,56.769,1
131,10,6.66,3,86.0806,60.9727,1
132,6,4.89,4,87.5157,53.8861,1
132,7,4.92,4,91.5162,53.7083,1
132,8,5.95,4,92.2909,58.6105,1
132,9,4.65,4,83.185,53.4543,1
132,10,4.44,4,87.4649,53.3654,1
133,6,7.81,4,97.5487,65.4685,1
133,7,9.19,4,118.4275,71.7169,1
133,8,7.54,4,93.218,66.7639,1
133,9,8.29,4,94.234,71.6153,1
133,10,6.62,4,93.5355,63.1698,1
134,6,8.86,4,103.6574,68.1228,1
134,7,7.44,4,101.4603,63.9064,1
134,8,7.97,4,95.25,65.5447,1
134,9,8.2,4,96.8756,75.9206,1
134,10,6.4,4,95.2881,60.9092,1
135,6,14.31,4,159.893,70.0151,1
135,7,7.04,4,95.1738,64.3128,1
135,8,7.05,4,103.6574,60.7695,1
135,9,6.82,4,101.3333,60.9854,1
135,10,5.76,4,97.9424,53.1114,1
136,6,7.15,4,87.2109,69.2912,1
136,7,6.89,4,90.2462,63.7032,1
136,8,7.31,4,97.2439,63.1444,1
136,9,6.59,4,99.4537,60.6806,1
136,10,6.1,4,84.8106,61.0235,1
137,6,9.15,5,123.3551,65.9638,1
137,7,9.11,5,145.0721,56.7436,1
137,8,7.38,5,108.1024,66.3448,1
137,9,6.66,5,109.7407,54.3814,1
137,10,6.55,5,127.0508,57.1246,1
138,6,6.96,3,122.047,62.9158,1
138,7,8.19,3,115.9256,63.0428,1
138,8,6.56,3,100.3554,62.7888,1
138,9,5.4,3,88.9508,60.0075,1
138,10,4.24,3,78.867,56.4769,1
139,6,5.88,5,107.7722,53.5305,1
139,7,5.96,5,114.2238,56.2229,1
139,8,7.85,5,144.7038,59.6011,1
139,9,5.37,5,103.2256,54.3433,1
139,10,6.25,5,111.506,52.959,1
140,6,4.41,3,79.9973,52.5653,1
140,7,4.03,3,73.8124,55.3593,1
140,8,4.44,3,85.3948,52.4383,1
140,9,3.37,3,71.1454,51.2318,1
140,10,3.66,3,76.6572,49.8856,1
141,6,8.09,4,91.8972,68.8721,1
141,7,6.54,4,90.9447,61.1759,1
141,8,7.07,4,88.8746,62.6872,1
141,9,6.38,4,90.1573,59.6773,1
141,10,6.28,4,93.8149,65.2526,1
142,6,3.95,4,87.0966,49.6951,1
142,7,4.64,4,89.1159,55.0037,1
142,8,4.15,4,84.8614,51.3207,1
142,9,4.13,4,70.104,54.864,1
142,10,4.02,4,89.5604,48.9585,1
143,6,9.48,5,145.6563,64.8208,1
143,7,8.11,5,131.1021,60.8965,1
143,8,6.05,5,113.1062,57.0357,1
143,9,6.43,5,126.9238,58.8391,1
143,10,6.35,5,127.4826,56.8452,1
144,6,6.73,5,103.6447,58.9407,1
144,7,7.3,5,102.5144,63.4746,1
144,8,6.59,5,104.3051,59.5884,1
144,9,8.4,5,126.7841,56.0832,1
144,10,6.13,5,113.0046,50.9143,1
145,6,4.49,5,109.8042,43.5102,1
145,7,4.4,5,107.8611,46.3042,1
145,8,3.31,5,104.0257,41.8592,1
145,9,3.99,5,104.1146,43.5737,1
145,10,2.88,5,80.8863,40.9448,1
146,6,6.2,4,100.0633,57.5818,1
146,7,6.23,4,94.8309,56.5912,1
146,8,5.9,4,96.8629,55.2196,1
146,9,6,4,101.8413,57.2643,1
146,10,6.53,4,96.266,59.1566,1
147,6,7.59,5,112.4966,61.3029,1
147,7,7.15,5,102.1334,59.1566,1
147,8,6.77,5,102.5271,58.7756,1
147,9,5.97,5,98.3361,57.3278,1
147,10,7.97,5,124.6251,57.3151,1
148,6,6.09,5,112.5093,52.4383,1
148,7,7.46,5,103.8352,62.8142,1
148,8,6.61,5,110.1979,55.3847,1
148,9,6.01,5,94.5261,59.0677,1
148,10,6.09,5,106.9594,52.1335,1
149,6,5.08,4,85.3821,57.4421,1
149,7,5.37,4,85.9409,59.436,1
149,8,4.39,4,91.5289,47.3329,1
149,9,5.35,4,87.8205,57.1373,1
149,10,4.97,4,81.6737,58.1152,1
150,6,5.82,5,114.1349,51.8033,1
150,7,6.31,5,129.7686,47.4091,1
150,8,6.13,5,120.1039,51.2572,1
150,9,7.86,5,137.9093,53.3654,1
150,10,6.14,5,122.2502,54.3052,1
151,6,7.51,4,108.1024,61.1759,1
151,7,7.46,4,113.157,60.2361,1
151,8,10.27,4,132.1689,67.5386,1
151,9,9.35,4,109.0168,70.9168,1
151,10,7.25,4,116.7257,56.6293,1
152,6,4.23,5,112.5347,44.3738,1
152,7,4.89,5,116.8146,47.3202,1
152,8,4.11,5,82.8675,50.7238,1
152,9,4.25,5,86.0679,44.8945,1
152,10,4.49,5,102.8446,50.927,1
153,6,6.38,5,119.1641,60.9219,1
153,7,6.67,5,108.7501,62.0522,1
153,8,6.63,5,99.4283,59.1947,1
153,9,5.96,5,117.0686,59.3852,1
153,10,6.6,5,117.3353,65.7225,1
154,6,7.04,5,118.5418,58.2295,1
154,7,10.55,5,126.4031,71.5645,1
154,8,7.05,5,98.044,58.9788,1
154,9,7.58,5,126.6825,59.8932,1
154,10,6.71,5,118.4402,56.5404,1
155,6,5.29,5,102.616,58.2676,1
155,7,4.65,5,90.4113,51.2064,1
155,8,5.85,5,105.3338,52.2605,1
155,9,5.62,5,105.0544,55.5752,1
155,10,9.75,5,126.8222,65.6844,1
156,6,7.08,5,107.5817,64.4525,1
156,7,5.9,5,108.0516,53.9877,1
156,8,7.54,5,122.555,59.6011,1
156,9,7.09,5,114.1222,59.3852,1
156,10,6.08,5,92.9259,58.3057,1
157,6,6.26,4,88.0237,62.5094,1
157,7,7.41,4,100.8761,61.8236,1
157,8,7.64,4,98.3361,67.9323,1
157,9,6.43,4,89.1921,59.3598,1
157,10,8.49,4,100.076,66.9417,1
158,6,6.45,4,110.4265,56.9214,1
158,7,6.6,4,87.9729,60.1853,1
158,8,6.66,4,101.0412,55.6895,1
158,9,6.01,4,96.7867,57.7342,1
158,10,6.27,4,87.2744,55.1815,1
159,6,4.65,5,103.2891,49.8983,1
159,7,4.66,5,97.2439,51.2953,1
159,8,4.04,5,95.4659,51.5493,1
159,9,4.48,5,94.7166,49.7713,1
159,10,4.87,5,99.3902,49.0347,1
160,6,8.2,4,102.1207,64.0334,1
160,7,7.06,4,98.3361,59.4741,1
160,8,6.68,4,94.3737,62.1665,1
160,9,6.86,4,89.4207,65.6844,1
160,10,5.58,4,96.0755,56.896,1
161,6,6.11,4,89.6112,62.1538,1
161,7,3.3,4,66.2559,50.5333,1
161,8,2.84,4,70.9549,43.9928,1
161,9,3.44,4,72.0344,51.4477,1
161,10,3.45,4,84.7217,50.3936,1
162,6,9.69,5,131.8768,58.8645,1
162,7,3.54,5,89.7763,46.863,1
162,8,3.3,5,75.4507,48.4886,1
162,9,2.13,5,74.422,38.2397,1
162,10,,5,,,1
163,6,5.48,4,94.3229,60.4901,1
163,7,6.37,4,98.7552,60.6171,1
163,8,6.12,4,112.8649,53.8226,1
163,9,6.66,4,100.1268,64.7954,1
163,10,6.97,4,117.983,57.3786,1
164,6,3.97,4,84.836,49.2506,1
164,7,4.47,4,75.057,55.9943,1
164,8,4.67,4,76.6191,55.5498,1
164,9,4.85,4,101.7016,50.1015,1
164,10,4.77,4,80.0735,58.4454,1
165,6,7.14,4,93.8911,71.5899,1
165,7,6.58,4,97.1677,63.5127,1
165,8,6.16,4,90.9447,65.1002,1
165,9,6.69,4,93.8657,57.3278,1
165,10,6.52,4,93.8403,52.4637,1
166,6,6.26,5,118.9863,51.9811,1
166,7,6.85,5,117.5893,54.3687,1
166,8,5.77,5,104.0638,55.0291,1
166,9,5.77,5,95.6437,60.9092,1
166,10,7.13,5,123.3424,54.3941,1
167,6,6.1,4,85.3186,62.0776,1
167,7,5.94,4,87.2871,59.0423,1
167,8,6.56,4,87.7824,60.3123,1
167,9,5.85,4,93.5355,59.3344,1
167,10,5.81,4,92.2147,57.6707,1
168,6,9.04,5,119.7737,53.3527,1
168,7,6.6,5,110.0963,57.7342,1
168,8,6.22,5,103.1113,55.0164,1
168,9,2.8,5,72.6694,45.2247,1
168,10,2.46,5,65.0367,44.1198,1
169,6,7.47,5,113.0046,54.737,1
169,7,7.79,5,105.0163,58.2168,1
169,8,8.87,5,120.9548,58.3946,1
169,9,8.84,5,120.3452,56.2356,1
169,10,9.08,5,125.5776,64.5287,1
170,6,5.39,5,109.6137,57.6834,1
170,7,3.75,5,108.5723,42.2529,1
170,8,2.84,5,100.3808,41.1861,1
170,9,3.43,5,84.6709,45.2882,1
170,10,4.01,5,112.5728,43.0784,1
171,6,6.89,5,138.0871,47.2059,1
171,7,10.24,5,147.1295,64.3636,1
171,8,5.91,5,106.807,50.6349,1
171,9,10.34,5,111.4552,71.3359,1
171,10,9.58,5,143.0147,62.1157,1
172,6,6.66,5,120.5357,56.1848,1
172,7,7.16,5,117.4242,55.2958,1
172,8,7.18,5,120.2817,59.4868,1
172,9,5.84,5,105.5624,59.055,1
172,10,6.88,5,113.5126,58.4454,1
173,6,7.46,5,113.3983,56.0832,1
173,7,7.18,5,101.2952,55.4482,1
173,8,5.91,5,108.2294,51.8033,1
173,9,5.89,5,106.299,54.7751,1
173,10,5.92,5,94.9579,55.9689,1
174,6,6.11,5,128.2446,50.3047,1
174,7,7.9,5,117.6909,58.1152,1
174,8,6.36,5,96.2279,56.7563,1
174,9,5.67,5,102.5652,53.7337,1
174,10,6.09,5,101.1555,57.2516,1
176,6,5.47,3,84.2645,53.1622,1
176,7,7.67,3,93.4339,66.294,1
176,8,6.05,3,84.6963,59.309,1
176,9,8.41,3,108.4453,69.1261,1
176,10,6.8,3,94.996,61.8871,1
177,6,2.86,2,63.754,46.1137,1
177,7,2.04,2,54.0258,45.1993,1
177,8,1.84,2,50.3047,44.5389,1
177,9,1.71,2,56.8071,44.2468,1
177,10,2.22,2,54.2163,46.5201,1
178,6,7.45,3,86.995,68.707,1
178,7,6.24,3,79.5655,64.135,1
178,8,7.2,3,79.7306,66.294,1
178,9,4.43,3,66.0146,59.6646,1
178,10,3.96,3,72.9615,55.8546,1
179,6,5.21,4,79.2099,59.7154,1
179,7,4.39,4,90.3478,46.3169,1
179,8,4.3,4,86.4362,53.8226,1
179,9,4.61,4,75.7047,54.5338,1
179,10,4.03,4,87.6427,46.228,1
180,6,6.83,3,85.7885,65.7987,1
180,7,6.29,3,76.6953,66.8782,1
180,8,6.62,3,77.3938,68.1482,1
180,9,6.66,3,77.9526,67.3354,1
180,10,6.55,3,82.8675,69.215,1
181,6,2.61,3,79.375,40.7797,1
181,7,2.01,3,59.1058,41.7195,1
181,8,2.78,3,67.691,45.6946,1
181,9,2.36,3,64.8716,44.3484,1
181,10,2.3,3,65.024,43.0657,1
182,6,5.38,3,73.2028,60.706,1
182,7,4.9,3,78.2955,59.4995,1
182,8,6.66,3,81.4578,66.7512,1
182,9,5.77,3,81.534,59.9948,1
182,10,5.91,3,82.6008,65.6336,1
183,6,7.05,5,114.7318,56.1848,1
183,7,5.98,5,104.521,50.927,1
183,8,5.51,5,108.585,52.8955,1
183,9,5.92,5,107.5055,47.8282,1
183,10,6.7,5,118.5291,53.3781,1
184,6,4.24,5,111.7854,44.2976,1
184,7,4.37,5,114.3254,45.6946,1
184,8,4.33,5,101.0158,44.0563,1
184,9,4.06,5,112.522,41.6433,1
184,10,5.25,5,113.5761,56.6166,1
185,6,7.54,3,90.3859,68.0085,1
185,7,5.97,3,78.8797,62.4332,1
185,8,7.02,3,92.5957,67.2338,1
185,9,7.31,3,83.3501,72.8726,1
185,10,6.23,3,81.5467,67.0306,1
186,6,6.51,5,132.6261,49.2633,1
186,7,4.58,5,122.7201,46.3296,1
186,8,4.56,5,119.0498,46.1645,1
186,9,4.29,5,108.6866,44.196,1
186,10,7.8,5,125.7046,60.2996,1
187,6,8.07,,101.9556,71.3105,1
187,7,7.67,,105.8799,68.1609,1
187,8,6.15,,90.17,58.7248,1
187,9,6.52,,94.4245,65.9638,1
187,10,7.04,,96.4184,65.7098,1
188,6,8.19,4,97.0788,67.7164,1
188,7,7.24,4,89.5731,68.9356,1
188,8,5.95,4,107.188,58.0263,1
188,9,6.04,4,88.0745,59.0677,1
188,10,9.4,4,100.3554,67.2719,1
189,6,2.3,5,74.3712,40.7543,1
189,7,1.81,5,67.6783,37.338,1
189,8,2.43,5,73.3171,40.9448,1
189,9,1.69,5,68.6562,38.4048,1
189,10,1.82,5,61.2902,38.8747,1
190,6,5.07,4,122.2248,49.3522,1
190,7,4.75,4,88.5317,51.9684,1
190,8,6.22,4,80.8101,69.4944,1
190,9,4.5,4,95.9739,50.1904,1
190,10,4.28,4,96.9772,50.6222,1
191,6,6.01,5,125.2347,52.2859,1
191,7,8.07,5,127.4699,60.4647,1
191,8,5.81,5,105.8926,49.6951,1
191,9,7.06,5,99.6442,63.5635,1
191,10,6.38,5,121.5771,50.5968,1
192,6,3.78,5,82.7151,50.5587,1
192,7,6.35,5,99.9744,55.8546,1
192,8,4.54,5,92.5322,51.3969,1
192,9,3.14,5,82.3595,46.1518,1
192,10,4.15,5,82.423,50.5841,1
193,6,6.44,5,111.5314,58.3438,1
193,7,5.2,5,104.775,51.9176,1
193,8,7.18,5,119.6213,56.9849,1
193,9,6.29,5,100.203,57.0738,1
193,10,6.09,5,104.8004,58.6486,1
1,1,6.38,5,99.0346,61.3664,2
1,2,6.86,5,110.1471,58.1914,2
1,3,6.1,5,102.1715,54.4068,2
1,4,8.44,5,111.125,65.0748,2
1,5,8.8,5,117.4877,61.3918,2
2,1,7.66,5,132.0419,58.4835,2
2,2,6.64,5,104.6226,56.6928,2
2,3,6.93,5,116.2812,55.2069,2
2,4,7.26,5,114.173,54.9148,2
2,5,6.16,5,113.03,56.9341,2
3,1,7.92,4,101.3206,69.2531,2
3,2,8.23,4,98.044,72.3519,2
3,3,8.63,4,99.8093,71.1454,2
3,4,4.73,4,83.3247,60.4901,2
3,5,6.85,4,96.9264,60.4012,2
4,1,7.05,5,113.665,59.9186,2
4,2,6.2,5,113.665,54.8513,2
4,3,7.33,5,101.8159,61.1124,2
4,4,7.54,5,115.0493,60.3758,2
4,5,6.02,5,105.3211,57.9628,2
5,1,7.07,5,105.1052,61.0743,2
5,2,8.02,5,110.1344,64.7827,2
5,3,6.3,5,90.7542,61.7601,2
5,4,5.97,5,96.7359,53.8226,2
5,5,8.71,5,116.6241,59.9948,2
6,1,2.54,3,67.0306,45.2247,2
6,2,2.92,3,68.4022,48.6537,2
6,3,2.17,3,60.0837,43.815,2
6,4,2.39,3,62.2173,44.0055,2
6,5,2.22,3,63.0555,42.4815,2
7,1,5.86,3,76.2,67.183,2
7,2,8.15,3,104.7115,67.3862,2
7,3,7.11,3,84.4677,67.9831,2
7,4,8.42,3,99.7458,70.1294,2
7,5,6.99,3,95.504,64.3128,2
8,1,7.36,5,120.9548,58.1279,2
8,2,4.92,5,97.7138,53.4035,2
8,3,5.39,5,103.5558,52.5399,2
8,4,5.16,5,100.6221,53.9496,2
8,5,4.41,5,101.4222,46.4058,2
9,1,6.34,5,117.2845,58.0644,2
9,2,6.94,5,118.6307,56.0451,2
9,3,7.62,5,122.4915,59.0296,2
9,4,6.41,5,102.4001,56.8325,2
9,5,5.89,5,108.7755,51.3588,2
10,1,6.31,5,124.7902,45.8216,2
10,2,6.03,5,110.871,50.9778,2
10,3,3.36,5,94.3737,42.5704,2
10,4,5.65,5,109.0422,50.9651,2
10,5,5.92,5,102.9589,53.6956,2
11,1,6.89,5,103.4288,58.0263,2
11,2,7.89,5,120.4849,53.0352,2
11,3,7.41,5,117.5258,59.0042,2
11,4,6.16,5,101.9048,56.5404,2
11,5,5.99,5,102.0572,54.483,2
12,1,5.15,3,81.7372,54.0385,2
12,2,5.22,3,81.7626,57.6199,2
12,3,3.68,3,71.4756,52.1589,2
12,4,3.73,3,72.8472,53.3527,2
12,5,4.46,3,83.9724,53.3146,2
13,1,8.16,4,107.5309,61.7728,2
13,2,6.4,4,98.0567,55.9943,2
13,3,6.62,4,102.4128,56.2483,2
13,4,7.28,4,95.7453,64.2493,2
13,5,5.99,4,103.6447,53.3527,2
14,1,6.57,4,90.3859,61.849,2
14,2,5.45,4,102.9589,53.1749,2
14,3,5.84,4,91.3765,56.2991,2
14,4,5.43,4,95.9993,56.6166,2
14,5,6.29,4,114.5286,52.6034,2
15,1,7.05,5,106.9086,60.4647,2
15,2,4.85,5,109.6137,45.7835,2
15,3,7.25,5,135.6106,53.5305,2
15,4,8.26,5,118.3259,61.9887,2
15,5,4.19,5,75.7174,53.2511,2
16,1,6.76,5,113.3348,58.166,2
16,2,6.65,5,101.5746,60.1345,2
16,3,6.59,5,104.4702,62.0776,2
16,4,6.56,5,90.7161,61.1251,2
16,5,7.97,5,104.2162,62.738,2
17,1,8.24,5,100.4951,61.6204,2
17,2,5.49,5,95.7707,52.2986,2
17,3,7.77,5,107.9754,60.1091,2
17,4,6.25,5,94.6658,60.9473,2
17,5,5.2,5,90.8431,58.4962,2
18,1,6.23,4,89.0651,63.8302,2
18,2,6.96,4,93.1926,64.6938,2
18,3,6.49,4,98.806,57.785,2
18,4,6.58,4,93.6244,59.2074,2
18,5,6.12,4,89.4715,65.1383,2
19,1,7.02,4,88.0618,69.8119,2
19,2,5.5,4,73.5457,67.1068,2
19,3,5.08,4,73.8251,59.8043,2
19,4,5.79,4,77.3049,63.8556,2
19,5,5.99,4,82.5246,61.2394,2
20,1,6.25,5,99.4664,56.1721,2
20,2,6.01,5,126.365,50.4063,2
20,3,7.91,5,145.2245,53.6829,2
20,4,9.04,5,131.3942,61.5442,2
20,5,7.47,5,127.5461,60.4647,2
21,1,6.08,5,109.5248,60.9854,2
21,2,5.82,5,82.0547,57.5056,2
21,3,6.84,5,102.6541,63.6016,2
21,4,6.11,5,85.7377,60.325,2
21,5,7.32,5,100.5459,66.04,2
22,1,,,,,2
22,2,,,,,2
22,3,,,,,2
22,4,,,,,2
22,5,,,,,2
23,1,6.61,3,90.2843,63.7159,2
23,2,8.23,3,103.6447,63.1063,2
23,3,8.38,3,102.4255,68.5546,2
23,4,7.26,3,93.9165,66.3448,2
23,5,7.71,3,97.4725,69.3039,2
24,1,4.93,3,75.0443,58.8899,2
24,2,5.48,3,75.1586,62.5856,2
24,3,5.95,3,79.1337,61.6839,2
24,4,5.28,3,77.3303,63.4746,2
24,5,4,3,63.0555,60.1472,2
25,1,6.4,4,97.1804,58.3946,2
25,2,8.49,4,105.4354,70.6501,2
25,3,6.24,4,97.9551,60.96,2
25,4,7.23,4,94.869,63.6397,2
25,5,6.88,4,91.5162,68.4784,2
26,1,8.21,4,110.0836,65.8749,2
26,2,5.91,4,86.233,59.9313,2
26,3,6.13,4,97.4979,54.6354,2
26,4,6.07,4,96.3549,58.9661,2
26,5,7.87,4,133.0833,59.309,2
27,1,3.87,4,94.6277,46.228,2
27,2,3.23,4,77.3938,47.371,2
27,3,3,4,67.6529,48.9458,2
27,4,3.06,4,65.024,49.2379,2
27,5,3.12,4,72.3519,48.9966,2
28,1,5.89,5,100.6348,55.5752,2
28,2,8.59,5,134.9756,60.6171,2
28,3,4.84,5,108.0389,50.1777,2
28,4,7.59,5,132.969,59.6646,2
28,5,5.59,5,109.982,54.6354,2
29,1,7.45,4,101.854,62.6237,2
29,2,7.48,4,90.9955,63.7159,2
29,3,6.58,4,84.5185,62.8396,2
29,4,6.98,4,87.2363,57.6453,2
29,5,8.6,4,89.6493,71.2851,2
30,1,7.92,4,116.8654,54.8513,2
30,2,8.14,4,118.1354,60.6679,2
30,3,7.31,4,116.3574,60.452,2
30,4,6.47,4,103.6447,54.356,2
30,5,6.02,4,92.0115,54.7878,2
31,1,5.98,4,84.2518,63.3603,2
31,2,6.58,4,83.2739,64.8716,2
31,3,5.42,4,80.899,62.9666,2
31,4,7.08,4,91.5289,65.8749,2
31,5,6.8,4,84.9122,66.4083,2
32,1,5.92,3,101.6762,60.1726,2
32,2,6.32,3,110.6043,58.1025,2
32,3,7.25,3,103.3272,62.2681,2
32,4,6.17,3,92.9132,59.436,2
32,5,6.71,3,96.3041,58.5343,2
33,1,7.2,4,93.3069,66.6496,2
33,2,5.7,4,84.4423,61.2394,2
33,3,8.07,4,101.4349,64.7954,2
33,4,5.75,4,81.5086,60.198,2
33,5,6.14,4,86.487,59.4995,2
34,1,7.42,4,95.758,68.961,2
34,2,5.92,4,87.3252,60.8584,2
34,3,6.04,4,93.7133,59.2455,2
34,4,6.14,4,87.5157,62.2046,2
34,5,9.37,4,130.5687,67.564,2
35,1,6.02,5,111.2647,52.5653,2
35,2,8.59,5,129.5527,62.1284,2
35,3,8.67,5,111.4298,64.0842,2
35,4,7.06,5,128.8415,49.7459,2
35,5,8.8,5,113.2967,64.516,2
36,1,6.83,4,88.3666,62.1157,2
36,2,8.51,4,104.0638,65.2272,2
36,3,7.18,4,100.076,61.4553,2
36,4,6.59,4,100.5332,65.6336,2
36,5,6.11,4,90.7542,63.4365,2
37,1,6.43,5,139.3317,47.2821,2
37,2,7.77,5,151.6253,54.3306,2
37,3,6.73,5,139.0904,51.5112,2
37,4,6.56,5,133.604,48.5648,2
37,5,5.9,5,120.8151,48.3235,2
38,1,7.47,4,101.5746,59.1947,2
38,2,6.33,4,90.3351,67.6402,2
38,3,6.42,4,85.6742,62.9793,2
38,4,7.58,4,122.6312,56.515,2
38,5,5.99,4,89.9668,62.6872,2
39,1,7.9,3,93.6752,77.4954,2
39,2,6.48,3,90.551,71.5772,2
39,3,6.24,3,80.899,66.8401,2
39,4,6.19,3,83.5152,67.31,2
39,5,7.96,3,96.1263,71.9201,2
40,1,3.4,3,79.7052,47.9425,2
40,2,3.48,3,72.2884,49.1998,2
40,3,3.58,3,62.9793,53.4035,2
40,4,4.14,3,63.1571,58.1152,2
40,5,2.68,3,64.4652,46.5963,2
41,1,9.67,5,158.3055,56.642,2
41,2,8.81,5,145.0086,59.3344,2
41,3,8.48,5,155.194,54.8259,2
41,4,7.39,5,129.413,57.15,2
41,5,7.25,5,142.2146,55.8038,2
42,1,6.09,5,116.0653,50.3682,2
42,2,7.93,5,134.2644,57.8485,2
42,3,7.55,5,101.8413,64.9859,2
42,4,7.17,5,121.8057,59.3344,2
42,5,6.77,5,101.3333,64.9224,2
43,1,4.04,5,94.2721,50.3555,2
43,2,4.28,5,93.2561,47.5234,2
43,3,6.08,5,111.506,53.2257,2
43,4,4.38,5,99.441,50.7238,2
43,5,4.2,5,100.4443,48.3616,2
44,1,2.79,5,90.3605,40.1066,2
44,2,2.81,5,79.9084,41.5798,2
44,3,2.4,5,85.4329,35.4457,2
44,4,3.2,5,93.0656,41.4909,2
44,5,2.24,5,80.3656,38.2397,2
45,1,4.28,5,94.0943,48.1838,2
45,2,3.43,5,96.2152,45.3263,2
45,3,3.45,5,88.392,45.7454,2
45,4,4.43,5,99.1235,49.0601,2
45,5,3.15,5,84.3661,43.7515,2
46,1,5.9,4,88.9889,59.9821,2
46,2,6.6,4,87.0458,65.1764,2
46,3,7.03,4,98.0948,64.2747,2
46,4,6.75,4,92.4052,63.0682,2
46,5,7.09,4,92.8751,65.7479,2
47,1,7.67,4,112.776,58.9661,2
47,2,7.92,4,112.649,59.3471,2
47,3,8.95,4,95.7072,68.7197,2
47,4,7.13,4,95.5548,58.3057,2
47,5,7.94,4,106.5149,60.8838,2
48,1,7.14,5,117.983,52.7431,2
48,2,7.01,5,100.6094,62.7507,2
48,3,8.19,5,119.4943,61.214,2
48,4,6.06,5,102.5652,59.9567,2
48,5,6.01,5,104.8893,66.7258,2
49,1,9.24,5,96.5708,72.6186,2
49,2,6.83,5,115.1509,55.2577,2
49,3,7.07,5,103.378,61.0235,2
49,4,6.68,5,92.5957,58.166,2
49,5,5.98,5,100.4062,56.8325,2
50,1,7.2,4,106.553,59.563,2
50,2,6.6,4,103.7209,55.3339,2
50,3,5.95,4,89.6239,57.9247,2
50,4,4.84,4,94.6277,52.5145,2
50,5,5.03,4,87.7951,53.7083,2
51,1,7.47,4,103.9241,62.9412,2
51,2,7.03,4,96.6724,64.6938,2
51,3,7.7,4,92.2147,67.0433,2
51,4,8.41,4,110.8964,66.421,2
51,5,6.59,4,103.4542,59.8932,2
52,1,5.04,4,84.9757,55.245,2
52,2,5.64,4,103.0605,58.8137,2
52,3,5.17,4,87.5157,54.8005,2
52,4,5.87,4,102.0318,52.4256,2
52,5,6.62,4,109.6899,58.2803,2
53,1,5.18,4,83.6422,57.2516,2
53,2,4.35,4,86.233,52.71516,2
53,3,4.17,4,78.232,55.4863,2
53,4,3.66,4,75.4507,51.0286,2
53,5,3.58,4,74.0791,48.4759,2
54,1,5.53,5,102.0318,53.8607,2
54,2,6,5,110.3376,56.2737,2
54,3,5.98,5,101.0539,54.0639,2
54,4,6.43,5,112.7252,55.0545,2
54,5,6.22,5,97.3582,55.245,2
55,1,9.63,5,130.048,62.7761,2
55,2,7.81,5,108.9152,63.0809,2
55,3,6.68,5,98.4377,59.5884,2
55,4,7.25,5,104.1273,59.5757,2
55,5,6.44,5,115.5192,56.3372,2
56,1,6.26,5,116.6495,55.2196,2
56,2,5.88,5,82.7278,57.1373,2
56,3,6.67,5,104.1019,53.7591,2
56,4,6.43,5,125.4252,49.1871,2
56,5,6.25,5,121.8565,53.1241,2
57,1,6.17,4,91.2876,61.8109,2
57,2,4.65,4,97.8281,46.1264,2
57,3,4.73,4,89.3191,49.8094,2
57,4,6.8,4,96.1136,61.0362,2
57,5,4.97,4,86.5759,59.3344,2
58,1,7.19,5,117.983,57.8104,2
58,2,6.04,5,104.8893,53.0479,2
58,3,5.64,5,102.1588,56.0959,2
58,4,6.33,5,105.1306,56.2229,2
58,5,7.08,5,113.6142,59.5376,2
59,1,8.07,5,93.5863,68.5546,2
59,2,7.46,5,105.8164,64.5541,2
59,3,7.22,5,109.2835,59.1693,2
59,4,8.14,5,107.2642,65.8749,2
59,5,7.87,5,116.8527,64.1985,2
60,1,6.11,4,93.4339,57.7977,2
60,2,6.93,4,107.95,62.3189,2
60,3,3.83,4,76.6699,53.975,2
60,4,7.33,4,100.1395,66.4337,2
60,5,3.74,4,72.5297,52.4256,2
61,1,9.25,5,133.0833,59.8043,2
61,2,8.42,5,117.475,61.4934,2
61,3,9.51,5,133.5405,60.3885,2
61,4,8.97,5,125.2093,65.4558,2
61,5,8.46,5,118.745,65.2907,2
62,1,4.65,5,118.364,43.3705,2
62,2,5.36,5,113.9825,49.3903,2
62,3,6.19,5,118.5037,48.2346,2
62,4,4.83,5,114.1476,41.4401,2
62,5,4.46,5,114.2111,43.7642,2
63,1,6.84,5,87.0331,67.7926,2
63,2,6.42,5,91.9226,59.5884,2
63,3,6.4,5,96.3676,61.6839,2
63,4,7.25,5,94.5769,62.0903,2
63,5,5.17,5,73.1393,61.4172,2
64,1,7.48,4,111.7346,60.9854,2
64,2,6.69,4,100.203,58.4962,2
64,3,6.8,4,99.5553,60.1599,2
64,4,6.37,4,100.2157,58.8645,2
64,5,6.61,4,108.5977,53.6956,2
65,1,7.12,5,93.8784,60.9727,2
65,2,7.87,5,99.3648,65.659,2
65,3,5.99,5,87.6808,61.087,2
65,4,6,5,96.2406,55.8038,2
65,5,7.01,5,100.4697,59.5249,2
66,1,7.39,4,108.3056,59.0423,2
66,2,6.89,4,113.8555,53.721,2
66,3,5.88,4,115.1255,50.1904,2
66,4,8.01,4,118.6053,57.2262,2
66,5,6.75,4,96.8502,60.6806,2
67,1,8.85,4,116.8527,60.8457,2
67,2,7.7,4,103.0859,64.9351,2
67,3,7.32,4,98.7298,64.4271,2
67,4,5.93,4,98.9838,58.2803,2
67,5,5.89,4,89.4461,58.3692,2
68,1,6.17,4,96.6978,58.9661,2
68,2,7.87,4,107.8357,63.6651,2
68,3,6.53,4,81.4959,57.6961,2
68,4,7.43,4,113.665,51.2953,2
68,5,6.22,4,90.7669,57.9501,2
69,1,7.07,5,103.3399,55.9181,2
69,2,7.01,5,111.9759,60.0456,2
69,3,6.49,5,110.0709,56.8452,2
69,4,6.39,5,94.9452,55.7911,2
69,5,6.59,5,91.1733,59.8043,2
70,1,7.52,5,132.2451,54.5338,2
70,2,6.97,5,124.587,50.4698,2
70,3,6.25,5,109.5248,51.8922,2
70,4,7.56,5,136.779,56.5277,2
70,5,6.37,5,124.3965,52.7812,2
71,1,8.81,5,121.5644,62.5475,2
71,2,6.3,5,136.1694,48.9839,2
71,3,7.2,5,118.8847,52.4637,2
71,4,7.26,5,95.3135,64.4525,2
71,5,6.99,5,115.57,56.3753,2
72,1,6.28,4,94.7039,57.1754,2
72,2,5.4,4,111.7346,47.6758,2
72,3,5.23,4,94.5007,53.4289,2
72,4,5.46,4,92.3163,54.2417,2
72,5,6.76,4,97.4852,60.8203,2
73,1,6.52,4,97.8916,61.0743,2
73,2,6.74,4,100.6094,63.9064,2
73,3,6.71,4,100.5459,59.9313,2
73,4,6.47,4,101.6762,60.4266,2
73,5,5.95,4,94.5134,56.0705,2
74,1,16.97,4,138.8745,82.9945,2
74,2,11.76,4,124.7775,73.8124,2
74,3,11.68,4,113.5761,71.8947,2
74,4,17.84,4,144.8689,83.5152,2
74,5,11.2,4,120.8786,73.8251,2
75,1,15.41,5,152.3746,74.8665,2
75,2,12.8,5,148.5519,66.7639,2
75,3,13.2,5,147.1676,67.3354,2
75,4,8.41,5,124.6251,56.2483,2
75,5,7.77,5,121.8184,56.2229,2
76,1,7.56,4,98.9838,67.7545,2
76,2,6.61,4,101.2063,58.801,2
76,3,6.9,4,87.2998,62.9031,2
76,4,7.37,4,89.5858,69.0499,2
76,5,6.83,4,89.1159,64.9986,2
77,1,7.69,4,106.3244,65.3161,2
77,2,8.56,4,109.6645,63.6143,2
77,3,6.16,4,106.3371,57.1627,2
77,4,6.82,4,96.5835,58.6486,2
77,5,7.69,4,108.9152,60.7441,2
78,1,6.69,4,82.5373,63.754,2
78,2,5.82,4,94.0054,63.5889,2
78,3,5.35,4,92.5957,58.2549,2
78,4,4.7,4,91.3257,56.261,2
78,5,5.32,4,91.5162,60.1218,2
79,1,9.33,5,106.426,67.3989,2
79,2,6.44,5,100.8507,59.055,2
79,3,6.33,5,111.3282,55.4355,2
79,4,7.67,5,92.8878,61.4045,2
79,5,7.59,5,112.0902,58.4962,2
80,1,4,3,62.8396,57.5945,2
80,2,3.34,3,69.5706,50.7365,2
80,3,3.14,3,65.7098,48.4759,2
80,4,3.75,3,66.6369,55.0672,2
80,5,3.72,3,67.3354,56.1213,2
81,1,7.21,4,98.1837,60.9854,2
81,2,8.41,4,101.8921,64.8335,2
81,3,7.85,4,98.8949,65.3288,2
81,4,7.09,4,94.1578,66.2178,2
81,5,6.93,4,94.7674,62.0903,2
82,1,6.86,3,97.7265,59.6138,2
82,2,7.83,3,106.0577,63.7794,2
82,3,7.51,3,92.2147,62.9539,2
82,4,5.95,3,99.3267,55.8546,2
82,5,8.51,3,106.3752,65.3161,2
83,1,,,,,2
83,2,,,,,2
83,3,,,,,2
83,4,,,,,2
83,5,,,,,2
84,1,5.99,4,87.8713,65.9638,2
84,2,6.15,4,90.2843,65.4431,2
84,3,6.91,4,85.5091,62.1665,2
84,4,7.2,4,94.2086,66.2686,2
84,5,6.26,4,100.4951,56.3245,2
85,1,4.97,2,77.6732,56.4642,2
85,2,5.15,2,75.7047,60.5155,2
85,3,4.19,2,66.8782,58.166,2
85,4,4.83,2,72.898,60.5282,2
85,5,4.04,2,70.5739,57.2516,2
86,1,7.7,5,97.3709,62.9539,2
86,2,8.29,5,122.2883,59.1058,2
86,3,7.26,5,106.3244,60.8203,2
86,4,7.66,5,96.52,64.5668,2
86,5,7.15,5,109.22,58.6359,2
87,1,8.96,5,119.2657,71.5391,2
87,2,8.88,5,130.1242,61.6585,2
87,3,8.81,5,147.5867,58.0136,2
87,4,6.5,5,99.9363,58.3946,2
87,5,7.54,5,110.7821,62.5348,2
88,1,6.18,5,111.6965,51.2318,2
88,2,10.82,5,152.5524,64.3255,2
88,3,6.76,5,107.1753,61.7347,2
88,4,5.69,5,126.0094,44.7548,2
88,5,7.29,5,130.1242,62.6999,2
89,1,7.43,4,103.1748,61.6839,2
89,2,5.81,4,92.8624,53.8226,2
89,3,6.64,4,116.7765,54.1147,2
89,4,7.33,4,106.934,58.4454,2
89,5,5.99,4,79.9084,59.9821,2
90,1,6.4,5,112.5855,56.7182,2
90,2,6.43,5,90.4367,61.0362,2
90,3,6.86,5,110.363,59.4741,2
90,4,5.91,5,115.5319,51.6382,2
90,5,6.46,5,110.49,63.0047,2
91,1,6.78,4,111.3155,57.8993,2
91,2,6.58,4,99.5934,64.6176,2
91,3,7.11,4,108.7374,62.3189,2
91,4,7,4,109.3343,58.7629,2
91,5,7.72,4,102.9208,62.865,2
92,1,4.66,4,97.3963,47.5234,2
92,2,4.61,4,96.774,51.4731,2
92,3,5.72,4,101.4857,54.3814,2
92,4,4.46,4,91.821,52.1208,2
92,5,6.06,4,104.3686,54.5338,2
93,1,6.36,4,93.5101,61.4045,2
93,2,6.37,4,97.8916,61.1632,2
93,3,8.86,4,109.9439,63.2587,2
93,4,7.05,4,100.8507,66.0527,2
93,5,8.13,4,104.8385,65.024,2
94,1,8.98,4,102.4128,72.5424,2
94,2,7.96,4,99.8347,68.5673,2
94,3,7,4,100.076,63.6143,2
94,4,6.79,4,93.1672,66.2051,2
94,5,5.92,4,86.7537,62.7507,2
95,1,5.95,4,110.1471,48.9458,2
95,2,4.82,4,93.7768,51.2953,2
95,3,6.55,4,103.0351,52.1843,2
95,4,6.24,4,92.8878,57.8358,2
95,5,5.46,4,105.4481,54.9148,2
96,1,5.17,4,78.9813,57.6453,2
96,2,4.74,4,94.5007,55.118,2
96,3,3.93,4,79.8322,52.6161,2
96,4,4.48,4,95.2373,51.5747,2
96,5,4.87,4,89.5096,57.7723,2
97,1,4.8,3,71.1581,58.4962,2
97,2,4.49,3,77.5589,60.5282,2
97,3,4.39,3,79.6925,58.7121,2
97,4,4.1,3,88.0999,54.1909,2
97,5,4.94,3,74.0156,58.2041,2
98,1,8.17,5,125.2728,58.3057,2
98,2,6.19,5,104.8639,56.896,2
98,3,7.29,5,111.7854,61.0362,2
98,4,6.66,5,116.4717,55.3847,2
98,5,7.18,5,124.2949,56.134,2
99,1,6.45,5,122.6058,56.7563,2
99,2,6.55,5,122.6439,56.2229,2
99,3,6.66,5,115.9256,51.5366,2
99,4,5.88,5,100.6729,56.1721,2
99,5,7.45,5,125.7046,54.8513,2
100,1,4.2,4,99.0981,43.434,2
100,2,4.49,4,97.2439,44.4119,2
100,3,4.12,4,86.995,47.2186,2
100,4,4.54,4,97.028,50.3936,2
100,5,3.71,4,93.5101,42.926,2
101,1,7.15,4,84.4296,66.8274,2
101,2,6.14,4,77.6986,67.183,2
101,3,6.07,4,78.232,66.6115,2
101,4,6.36,4,110.0836,56.0705,2
101,5,5.69,4,95.3262,56.134,2
102,1,9.3,3,123.7361,61.6839,2
102,2,8.49,3,98.6028,71.0184,2
102,3,6.57,3,83.8327,65.7225,2
102,4,6.8,3,87.8459,58.9661,2
102,5,8.04,3,90.9828,67.8815,2
103,1,6.66,4,93.6879,62.7634,2
103,2,6.39,4,100.1014,57.3913,2
103,3,6.95,4,85.2043,65.4304,2
103,4,5.67,4,88.5571,58.674,2
103,5,5.71,4,92.4433,54.0766,2
104,1,4.4,3,93.3577,49.9237,2
104,2,5.49,3,81.6737,61.1251,2
104,3,4.36,3,80.1243,59.2074,2
104,4,3.78,3,70.8914,54.2544,2
104,5,4.11,3,85.7758,55.2323,2
105,1,7.86,5,117.1702,64.8462,2
105,2,6.16,5,118.3132,56.134,2
105,3,6.37,5,117.2972,54.9148,2
105,4,5.42,5,120.7008,46.9138,2
105,5,6.26,5,103.5939,59.2455,2
106,1,4.54,5,102.9589,45.3263,2
106,2,4.95,5,114.9477,46.6852,2
106,3,4.99,5,105.8545,52.2351,2
106,4,5.41,5,122.2248,46.5582,2
106,5,6,5,140.2461,44.2214,2
107,1,5.08,3,102.7557,49.9237,2
107,2,4.11,3,78.2066,56.0451,2
107,3,4.51,3,77.4446,57.2643,2
107,4,4.09,3,73.5457,60.1853,2
107,5,4.09,3,80.4799,54.356,2
108,1,8.88,5,116.205,62.9158,2
108,2,6.38,5,108.458,60.7441,2
108,3,7.21,5,123.5583,55.4228,2
108,4,6.15,5,114.5159,59.2582,2
108,5,7.59,5,114.9858,62.9412,2
109,1,10.6,5,137.033,64.3001,2
109,2,11.98,5,138.5062,65.5193,2
109,3,11.16,5,149.3139,63.3857,2
109,4,11.39,5,153.6446,63.9191,2
109,5,10.47,5,154.1145,58.0263,2
110,1,7,5,120.7643,53.0479,2
110,2,6.2,5,108.6866,54.7878,2
110,3,6.46,5,118.9736,49.3141,2
110,4,6.2,5,113.3221,46.8249,2
110,5,7.08,5,122.5169,53.1749,2
111,1,6.38,5,111.7854,57.9755,2
111,2,6.41,5,102.5652,57.3532,2
111,3,6.57,5,94.4118,60.452,2
111,4,5.82,5,107.5817,54.1655,2
111,5,6.69,5,129.0447,54.0258,2
112,1,6.97,5,101.5873,66.548,2
112,2,6.98,5,100.203,66.2559,2
112,3,6.42,5,103.632,59.1947,2
112,4,6.3,5,108.7374,51.9049,2
112,5,6.93,5,95.5675,67.183,2
113,1,7.15,5,101.2063,59.1312,2
113,2,7.15,5,95.7961,62.3443,2
113,3,8.43,5,105.156,68.1863,2
113,4,7.48,5,105.1433,56.8325,2
113,5,6.26,5,89.0651,59.7662,2
114,1,5.46,4,88.5444,59.6773,2
114,2,5,4,92.71,56.6039,2
114,3,4.51,4,80.1497,53.7337,2
114,4,4.86,4,87.0458,53.6067,2
114,5,4.46,4,85.2805,53.8988,2
115,1,4.52,4,95.4786,50.6476,2
115,2,4.01,4,90.6653,49.3649,2
115,3,4.3,4,87.6173,52.6415,2
115,4,4.07,4,93.8149,49.8856,2
115,5,4.55,4,92.3544,50.5587,2
116,1,6.6,4,104.3051,59.6265,2
116,2,6.83,4,103.3653,61.7728,2
116,3,6.71,4,97.3709,58.1279,2
116,4,5.99,4,88.3158,54.9021,2
116,5,5.24,4,83.7311,60.7568,2
117,1,6.86,4,105.7656,57.0611,2
117,2,4.63,4,94.2594,52.8447,2
117,3,4.6,4,96.5454,50.6349,2
117,4,6.04,4,94.7674,56.9849,2
117,5,4.4,4,79.4893,54.5846,2
118,1,7.59,5,125.73,51.4096,2
118,2,6.83,5,129.2987,55.2831,2
118,3,3.68,5,101.7905,40.7289,2
118,4,3.57,5,89.0651,46.1264,2
118,5,5.49,5,110.2233,51.9938,2
119,1,7.13,4,97.155,63.881,2
119,2,6.28,4,94.9706,60.452,2
119,3,6.71,4,94.9706,63.8175,2
119,4,5.9,4,92.3417,59.3725,2
119,5,6.84,4,101.7143,57.2262,2
120,1,4.6,5,89.3699,49.3649,2
120,2,6.05,5,113.1062,53.6956,2
120,3,4.44,5,107.4166,49.8983,2
120,4,6.24,5,103.8733,55.7149,2
120,5,5.57,5,101.9937,53.3527,2
121,1,6.84,4,106.3244,60.5663,2
121,2,6.81,4,88.7984,66.0146,2
121,3,7.88,4,88.4301,66.7258,2
121,4,6.96,4,95.3897,61.5315,2
121,5,7.72,4,100.4443,66.8274,2
122,1,6.47,3,88.2142,62.8777,2
122,2,7,3,105.8672,69.2404,2
122,3,8.46,3,92.5576,78.1177,2
122,4,5.95,3,94.0181,61.3156,2
122,5,8.15,3,98.2472,69.0118,2
123,1,7.22,5,115.0366,59.9694,2
123,2,7.28,5,119.4435,59.5122,2
123,3,6.84,5,110.4392,60.4266,2
123,4,8.37,5,129.6416,60.706,2
123,5,7.13,5,110.5154,60.1218,2
124,1,6.28,4,88.8492,62.0141,2
124,2,5.72,4,90.8812,61.3156,2
124,3,5.65,4,95.9866,54.2798,2
124,4,6.3,4,88.7095,64.135,2
124,5,6.79,4,89.0397,64.1858,2
125,1,7.16,4,109.8296,67.1449,2
125,2,6.45,4,100.7872,59.2328,2
125,3,8.1,4,101.6,67.5767,2
125,4,6.69,4,101.854,67.6783,2
125,5,8.45,4,113.03,66.7004,2
126,1,6.72,5,116.1923,55.2323,2
126,2,6.95,5,93.4974,62.5856,2
126,3,7.77,5,103.2891,62.7761,2
126,4,6.81,5,104.9274,67.1322,2
126,5,6.91,5,123.5456,54.0004,2
127,1,6.18,5,94.5388,59.3979,2
127,2,6.47,5,100.6983,57.3024,2
127,3,6.12,5,90.4113,62.0649,2
127,4,7.65,5,107.5817,61.1505,2
127,5,8.52,5,116.3447,62.0649,2
128,1,5.89,4,89.4461,53.8607,2
128,2,7.44,4,102.8573,64.0334,2
128,3,6.67,4,102.1842,57.9374,2
128,4,7.74,4,92.6973,69.9643,2
128,5,6.51,4,114.6048,57.5056,2
129,1,9.47,5,110.9345,71.0565,2
129,2,5.9,5,82.5754,62.1157,2
129,3,4.45,5,80.8355,52.2732,2
129,4,6.25,5,86.8172,58.7121,2
129,5,8.41,5,100.0252,65.0748,2
130,1,5.59,5,113.1062,50.4317,2
130,2,4.63,5,106.6038,46.1772,2
130,3,4.5,5,104.0257,48.6537,2
130,4,4.51,5,97.84334,48.6156,2
130,5,6.51,5,125.2728,47.2948,2
131,1,7.94,4,104.6607,67.056,2
131,2,8.17,4,100.7237,65.8495,2
131,3,7.18,4,102.5906,63.2714,2
131,4,6.83,4,87.9475,59.8424,2
131,5,7.4,4,95.1865,67.1576,2
132,1,5.93,5,96.9137,54.1274,2
132,2,6.23,5,95.4532,57.658,2
132,3,6.04,5,106.2355,55.9308,2
132,4,5.95,5,102.0953,55.1053,2
132,5,5.64,5,105.5878,51.2699,2
133,1,6.62,4,93.9546,64.1858,2
133,2,6.56,4,89.0143,68.1736,2
133,3,6.59,4,92.202,63.373,2
133,4,7.58,4,85.3059,70.4723,2
133,5,7.6,4,105.1687,61.0743,2
134,1,6.69,4,97.0153,62.9158,2
134,2,6.38,4,97.0788,59.944,2
134,3,6.54,4,92.8243,61.7474,2
134,4,7.22,4,94.615,65.5447,2
134,5,7.47,4,100.3046,60.8838,2
135,1,5.99,5,97.9043,58.9915,2
135,2,6.76,5,109.7788,55.4228,2
135,3,4.64,5,92.0877,53.6956,2
135,4,5.94,5,99.8855,61.2775,2
135,5,4.93,5,92.4814,59.0423,2
136,1,7.71,4,79.9338,68.5673,2
136,2,7.9,4,112.8776,63.9953,2
136,3,6.28,4,85.1662,63.3603,2
136,4,7.75,4,97.1677,69.6468,2
136,5,6.95,4,90.043,67.945,2
137,1,7,5,121.7549,54.5211,2
137,2,7.4,5,139.0142,52.7939,2
137,3,6.49,5,106.7562,55.7149,2
137,4,6.31,5,110.2741,54.9148,2
137,5,10.93,5,150.7109,66.2051,2
138,1,6.96,4,103.7844,66.8147,2
138,2,7.48,4,89.7001,69.9389,2
138,3,6.06,4,89.6112,64.0969,2
138,4,6.34,4,103.7463,58.5851,2
138,5,6.8,4,87.4141,64.4906,2
139,1,6.08,5,115.8621,55.4863,2
139,2,6.29,5,97.409,60.9346,2
139,3,6.06,5,101.3968,56.5658,2
139,4,7.99,5,112.014,63.246,2
139,5,7.37,5,119.2403,51.8287,2
140,1,3.45,3,74.8411,47.8536,2
140,2,2.99,3,61.595,52.8447,2
140,3,3.37,3,62.3697,53.1495,2
140,4,3.49,3,75.7174,50.3174,2
140,5,3.45,3,81.8642,47.1551,2
141,1,8.59,3,95.9612,72.0217,2
141,2,7.93,3,96.3168,64.4271,2
141,3,6.3,3,80.0862,62.2554,2
141,4,6.2,3,79.0448,63.7794,2
141,5,7.29,3,83.1342,64.8843,2
142,1,4.82,4,85.3948,53.1114,2
142,2,5.77,4,93.2688,63.246,2
142,3,4.56,4,94.2848,55.1434,2
142,4,4.84,4,95.9358,57.9247,2
142,5,4.42,4,99.0346,51.816,2
143,1,7.33,5,99.7458,64.4906,2
143,2,5.86,5,97.9424,58.8264,2
143,3,6.22,5,113.8047,48.7807,2
143,4,6.96,5,100.6094,59.2455,2
143,5,7.97,5,115.6462,60.0837,2
144,1,6.24,5,103.1621,61.849,2
144,2,4.89,5,105.664,49.8983,2
144,3,6.15,5,108.3183,55.7149,2
144,4,5.55,5,92.4179,59.0042,2
144,5,6.19,5,97.4471,54.3433,2
145,1,4.8,5,133.5405,43.7896,2
145,2,4.21,5,105.156,45.4152,2
145,3,3.49,5,90.5256,42.4561,2
145,4,3.46,5,103.9241,40.767,2
145,5,4.87,5,100.9396,47.5996,2
146,1,5.77,5,98.7552,55.245,2
146,2,6.28,5,117.6274,51.6382,2
146,3,5.99,5,117.6274,50.4444,2
146,4,6.07,5,107.3404,58.0009,2
146,5,6.17,5,95.0341,57.1754,2
147,1,9.09,5,100.5459,67.6275,2
147,2,9.27,5,132.1308,62.23,2
147,3,8.13,5,128.4732,60.0456,2
147,4,8.45,5,108.2167,66.167,2
147,5,8.01,5,110.4138,64.8716,2
148,1,6.74,4,101.4222,60.9981,2
148,2,7.53,4,105.8037,60.7441,2
148,3,5.95,4,88.1253,57.9501,2
148,4,6.99,4,100.4951,63.7159,2
148,5,6.25,4,98.5012,62.5856,2
149,1,6.12,4,99.4537,56.515,2
149,2,5.85,4,91.3511,56.9849,2
149,3,6.57,4,101.1174,59.7916,2
149,4,5.94,4,100.7872,55.8546,2
149,5,6.26,4,92.7481,62.2173,2
150,1,6.92,5,121.666,49.3395,2
150,2,7.42,5,143.7005,50.8762,2
150,3,6.42,5,106.426,52.5272,2
150,4,6.44,5,133.7437,46.7614,2
150,5,7.74,5,130.9751,57.4548,2
151,1,7.07,4,104.7623,65.7352,2
151,2,6.87,4,84.6201,60.8457,2
151,3,7.37,4,87.1093,63.8556,2
151,4,8.89,4,106.9975,64.6811,2
151,5,7.03,4,100.965,63.9445,2
152,1,3.73,5,100.2919,46.0121,2
152,2,3.29,5,90.5637,47.9298,2
152,3,4.61,5,99.314,53.7337,2
152,4,4.72,5,103.5939,48.1457,2
152,5,6.65,5,114.0079,58.674,2
153,1,6.47,4,122.4153,59.055,2
153,2,6.86,4,115.5446,60.1345,2
153,3,6.32,4,99.9109,58.9661,2
153,4,6.53,4,114.2619,53.2257,2
153,5,7.46,4,125.3744,68.9737,2
154,1,6.51,5,102.7049,60.325,2
154,2,7.37,5,137.795,53.8607,2
154,3,7.99,5,133.7056,57.9247,2
154,4,6.86,5,117.0559,56.5658,2
154,5,8.07,5,137.9347,57.0738,2
155,1,7.55,4,113.1062,62.6364,2
155,2,7.38,4,120.6754,70.8152,2
155,3,10.74,4,118.5545,60.6679,2
155,4,7.55,4,96.6978,53.5813,2
155,5,12.47,4,135.0645,67.5513,2
156,1,6.48,5,96.3676,55.9308,2
156,2,7.58,5,119.1895,63.0428,2
156,3,11.69,5,137.6553,60.8457,2
156,4,5.71,5,91.9988,60.8076,2
156,5,6.57,5,112.4839,57.912,2
157,1,6.94,4,110.0582,61.8744,2
157,2,5.9,4,96.8248,56.4007,2
157,3,6.46,4,92.9259,62.5094,2
157,4,5.66,4,90.932,55.9562,2
157,5,5.08,4,89.1921,51.7652,2
158,1,4,4,115.4938,55.0164,2
158,2,9.18,4,113.4618,65.532,2
158,3,8.29,4,112.3696,63.9445,2
158,4,9.39,4,116.586,68.1736,2
158,5,8.89,4,124.5743,64.897,2
159,1,11.05,5,119.1641,66.5861,2
159,2,6.26,5,101.0285,59.9059,2
159,3,8.3,5,120.1166,60.7949,2
159,4,4.5,5,99.8347,49.1998,2
159,5,4.54,5,97.4344,51.3842,2
160,1,7.73,5,107.0483,60.0837,2
160,2,9.21,5,124.8283,67.7672,2
160,3,6.35,5,91.6178,60.2361,2
160,4,6.7,5,99.8474,65.2526,2
160,5,6.47,5,99.2759,60.7568,2
161,,4.58,3,92.4052,53.6956,2
161,,1.96,3,55.2831,43.4594,2
161,,3.97,3,83.0326,51.5747,2
161,,2.82,3,62.3443,47.7901,2
161,,1.95,3,78.5876,35.4965,2
162,1,8.34,5,127.1651,57.1246,2
162,2,6.76,5,125.3617,55.9308,2
162,3,5.58,5,117.8814,50.3428,2
162,4,4.36,5,107.4166,47.9552,2
162,5,2.71,5,83.4009,41.8338,2
163,1,6.01,5,99.6442,60.3885,2
163,2,6.53,5,102.4255,60.3123,2
163,3,7.09,5,93.0402,60.9981,2
163,4,7.1,5,110.0328,59.0042,2
163,5,6.19,5,108.2929,61.5442,2
164,1,2.88,3,70.866,47.0027,2
164,2,2.4,3,70.2056,42.6847,2
164,3,2.41,3,69.4055,43.434,2
164,4,2.92,3,62.23,48.9331,2
164,5,3.3,3,62.6237,55.4736,2
165,1,6.24,3,89.6874,63.6397,2
165,2,5.4,3,88.011,58.9788,2
165,3,6.13,3,100.2157,57.7215,2
165,4,5.91,3,90.424,60.0964,2
165,5,5.88,3,86.8553,62.2427,2
166,1,7.34,5,103.3145,59.8678,2
166,2,6.91,5,115.0493,55.2831,2
166,3,6.98,5,111.8489,63.2714,2
166,4,8,5,106.4514,63.0174,2
166,5,5.83,5,95.4278,55.2196,2
167,1,6.66,4,99.2505,55.9054,2
167,2,7.84,4,104.9147,65.4685,2
167,3,8.45,4,103.8352,67.7799,2
167,4,6.68,4,96.0882,61.0489,2
167,5,7.2,4,100.6602,61.6204,2
168,1,5.03,4,78.1939,54.2544,2
168,2,4.66,4,77.9653,55.2323,2
168,3,6.01,4,96.9899,51.6763,2
168,4,5.92,4,97.1931,55.8419,2
168,5,6.48,4,92.075,55.8165,2
169,1,8.03,5,124.4854,59.4233,2
169,2,7.91,5,136.1948,55.0418,2
169,3,7.22,5,119.3546,56.4896,2
169,4,6.82,5,113.2967,58.2549,2
169,5,6.82,5,109.5629,52.6542,2
170,1,5.15,5,90.8304,52.2351,2
170,2,5.35,5,112.395,42.9641,2
170,3,2.21,5,87.4141,37.7952,2
170,4,2.71,5,93.6879,39.9288,2
170,5,5.21,5,128.2573,46.7741,2
171,1,6.9,5,134.4549,52.7939,2
171,2,5.5,5,110.8456,53.3146,2
171,3,6.77,5,113.7539,59.0042,2
171,4,7.01,5,115.57,56.2864,2
171,5,5.99,5,124.9934,50.8254,2
172,1,7.37,4,132.0419,55.9943,2
172,2,7.41,4,121.5644,53.4162,2
172,3,7.78,4,131.7117,61.5061,2
172,4,7.5,4,124.1806,57.2897,2
172,5,7.09,4,104.9528,63.7921,2
173,1,7.34,5,109.347,60.2107,2
173,2,6.11,5,93.6371,57.6834,2
173,3,7.37,5,113.9063,56.5404,2
173,4,6.5,5,121.4247,51.1556,2
173,5,6.67,5,105.5624,55.626,2
174,1,6.09,5,126.7079,53.9242,2
174,2,6.23,5,128.8923,49.3014,2
174,3,4.67,5,103.3018,50.7873,2
174,4,5.44,5,127.1651,50.5587,2
174,5,3.86,5,101.6762,45.3898,2
176,1,8.55,4,101.0793,69.5579,2
176,2,7.92,4,90.7542,66.1543,2
176,3,7.9,4,91.9861,69.0753,2
176,4,6.39,4,87.3125,69.3674,2
176,5,6.41,4,84.9376,60.9727,2
177,1,1.53,3,56.0451,41.3258,2
177,2,1.47,3,48.1457,43.1038,2
177,3,0.93,3,43.0657,34.1884,2
177,4,1.12,3,44.831,36.1061,2
177,5,0.9,3,41.1988,34.5186,2
178,1,4.76,2,67.4497,61.9633,2
178,2,4.71,2,66.8909,60.8457,2
178,3,4.52,2,71.0946,56.6039,2
178,4,4.98,2,74.2315,59.5757,2
178,5,4.32,2,67.4624,58.8772,2
179,1,5.2,4,88.5952,55.6768,2
179,2,4.71,4,91.8337,50.1523,2
179,3,4.56,4,78.232,56.4134,2
179,4,5.07,4,90.7161,53.0352,2
179,5,7.33,4,99.4791,59.1312,2
180,1,4.23,2,71.374,56.0324,2
180,2,4.05,2,67.8561,55.5879,2
180,3,4.09,2,63.4238,56.5785,2
180,4,4.01,2,66.1543,60.1345,2
180,5,3.98,2,67.7926,51.6001,2
181,1,3.08,3,66.1289,49.1744,2
181,2,2.86,3,75.1967,42.0624,2
181,3,2.29,3,69.0245,42.7482,2
181,4,2.78,3,62.103,51.2445,2
181,5,2.27,3,54.7243,48.514,2
182,1,7.09,3,92.1004,64.7954,2
182,2,5.56,3,85.8393,59.817,2
182,3,6.02,3,83.1342,60.9473,2
182,4,6.22,3,74.7141,63.2079,2
182,5,6.35,3,81.9658,63.2587,2
183,1,6.92,4,125.9713,54.3687,2
183,2,6.02,4,92.9767,62.484,2
183,3,6.12,4,118.0338,52.3621,2
183,4,6.3,4,115.2271,49.1363,2
183,5,6.52,4,111.1758,52.5272,2
184,1,6.02,5,134.8359,48.8442,2
184,2,6.56,5,133.1722,55.7657,2
184,3,6.14,5,120.8024,52.4891,2
184,4,2.02,5,76.0222,34.5567,2
184,5,1.58,5,65.2145,34.4297,2
185,1,6.36,4,82.4103,68.199,2
185,2,7.02,4,85.7758,69.5325,2
185,3,6.76,4,93.2942,63.7159,2
185,4,6.24,4,99.2759,63.1317,2
185,5,6.41,4,89.7001,63.8556,2
186,1,4.79,5,118.3259,45.5041,2
186,2,4.58,5,99.5553,52.6415,2
186,3,4.65,5,108.8898,49.2506,2
186,4,3.85,5,86.995,48.6791,2
186,5,4.25,5,106.9721,45.7454,2
187,1,7.87,4,97.5995,69.8881,2
187,2,8.27,4,90.8304,72.0598,2
187,3,6.33,4,94.6912,64.2239,2
187,4,6.02,4,98.2218,59.6011,2
187,5,7.61,4,80.4291,64.2747,2
188,1,9.76,4,100.203,75.3745,2
188,2,7.71,4,75.7047,76.5556,2
188,3,8.9,4,90.5002,75.3237,2
188,4,6.65,4,86.1949,66.1543,2
188,5,4.37,4,84.8741,55.2577,2
189,1,2.64,4,71.8058,42.7355,2
189,2,2.7,4,74.7903,42.5323,2
189,3,2.23,4,59.436,42.3545,2
189,4,1.49,4,55.6768,38.354,2
189,5,2.69,4,71.1708,43.8785,2
190,1,6.8,3,120.6119,51.3588,2
190,2,5.3,3,87.4141,58.2676,2
190,3,5.39,3,88.5698,59.1058,2
190,4,3.93,3,78.5241,48.0949,2
190,5,5.79,3,94.5896,55.7911,2
191,1,6.47,5,123.4059,51.5366,2
191,2,6.77,5,126.2761,59.563,2
191,3,5.98,5,118.6942,52.7685,2
191,4,9.1,5,129.7051,56.6293,2
191,5,6.03,5,127.2667,53.3781,2
192,1,4.22,5,96.4057,48.3362,2
192,2,4.09,5,93.0656,50.1904,2
192,3,3.41,5,79.1337,52.4256,2
192,4,3.95,5,80.9625,52.2224,2
192,5,4.21,5,90.8304,47.371,2
193,1,6.18,5,91.1733,54.6227,2
193,2,7.99,5,111.887,65.0748,2
193,3,6.73,5,111.4552,63.1063,2
193,4,5.49,5,107.3531,52.6288,2
193,5,6.4,5,104.3559,57.4548,2